video_id,title,description,published_at,channel_id,channel_title,category_id,tags,duration,definition,caption,view_count,like_count,favorite_count,comment_count
DB00U9PU7bY,Perfume scamğŸ¤£ #comedy #funny #funnycomedy #comedyvideo #comedyshorts,,2025-06-05T13:30:22Z,UCr-KG8Ffr6xztQwV5MAyh3Q,Ketan mehta,22,[],PT33S,hd,false,18155450,273182,0,204
RAdU_ubUxGk,How Much Tape Can Hold a Sumo Wrestler?,Subscribe â¤ï¸,2025-06-04T08:14:22Z,UCbp9MyKCTEww4CxEzc_Tp0Q,Stokes Twins,22,"['Stokes twins', 'Mrbeast', 'Fede', 'mark rober', 'Airrack', 'Ryan Trahan', 'Dhar mann', 'Royalty family', 'Jordan matter', 'Unspeakable', 'Preston', 'Ben azelart', 'Brent Rivera', 'Jeremy Hutchins', 'Lexi Rivera', 'Amp']",PT27S,hd,false,104412971,2319549,0,1996
YGahZMI_lP0,Sundar Logo Ko Ice Cream Free ğŸ˜¨ #neetubisht #funny #lakhneet #comedy #youtubeshorts #trending,#lakhneet #neetubisht #lakhanarjunrawat,2025-06-04T04:30:30Z,UCDwhsmzFDLc5hOB6SUglAjg,Neetu Bisht,24,"['lakhanarjunrawat', 'trending', 'amazing videos', 'neetu', 'neetubisht', 'Neetu Bisht', 'lakhneet', 'lakhneet vlogs', 'shorts', 'ytshorts', 'YouTube shorts', 'Khushi Choudhary', 'suyash', 'suyash vlogs', 'mohak narang', 'sohak', 'WhatsApp status', 'WhatsApp videos', 'whatsapp', 'WhatsApp story', 'romantic', 'couple', 'reels', 'reel', 'instagram', 'tiktok']",PT1M31S,hd,false,30037553,847253,0,1915
dvhm2XxMoQ0,DO YOU HAVE A YOUNGER SISTER?,,2025-06-04T15:09:33Z,UCNRl8nOCoUvki2FNFxQZgEg,dednahype,23,[],PT19S,hd,false,43947014,583194,0,480
UdDjgQOBD1A,à¤œà¤¾à¤¦à¥à¤ˆ à¤¹à¤¤à¥‹à¤¡à¤¾ğŸ”¨ğŸ˜± #aaganwadikebacche #comedy #trending #funny #dhonisir #squidgame #magic #jagga #56,,2025-05-30T11:44:18Z,UC5k3-qwva5_gxzaDGfqk0pw,Aanganwadi Ke Bacche,23,[],PT1M34S,hd,false,47307052,2985460,0,1504
yCJ0Q2hGc3U,Chiku apne family se bahut pyar karta hai ğŸ˜ğŸ˜± #shorts #ytshorts #viralvideos #juice,Chiku apne family se bahut pyar karta hai ğŸ˜ğŸ˜± #shorts #ytshorts #viralvideos #juice,2025-06-06T01:33:58Z,UC2d238lEYmlHYpEm68wMc0A,Nishu jeet aarya,22,"['Chiku apne family se bahut pyar karta hai ğŸ˜', 'chiku apne logo se bahut pyar karta h', 'chiku apne gharwalon se bahut pyar karta h', 'chiku bahut pyar karta h apne ghar walo se', 'chiku pyar karta hai apne ghar walo se', 'chiku apne family se pyar karta hai', 'chiku apne maa baap se pyar karta hai', 'chiku apne mom dad se bahut pyar karta h', 'chiku ka pyar', 'viralvideo', 'shorts', 'ytshorts', 'youtubeshorts', 'shortsfeed', 'shortsvideo', 'trendingshorts']",PT52S,hd,false,24141628,581047,0,336
WZfxpp35vmg,ä¸‹é›¨è‰¾èç¢°ä»€ä¹ˆéƒ½é™ç”µ,"æ¬¢è¿åŠ å…¥ã€è½é­„çš„ç‹å­ã€‘é¢‘é“~

åœ¨è¿™é‡Œï¼Œæˆ‘ä»¬å°†ç”¨å¿ƒåˆ›ä½œæ¯ä¸€ä¸ªè§†é¢‘ï¼Œé€šè¿‡ç²¾å¿ƒè®¾è®¡çš„è§’è‰²æ‰®æ¼”ï¼Œç»“åˆåŸåˆ›çš„åŠ¨æ¼«é£æ ¼å‰§æƒ…ã€‚

æˆ‘ä»¬çš„é¢‘é“ä¸ä»…ä»…æ˜¯å…³äºè§’è‰²æ‰®æ¼”ï¼Œæ›´æ˜¯ä¸€ä¸ªäºŒæ¬¡å…ƒä¸åŠ¨æ¼«çˆ±å¥½è€…çš„èšé›†åœ°ã€‚å¦‚æœä½ å¯¹äºŒæ¬¡å…ƒæ–‡åŒ–ã€æˆ–è€…åŠ¨æ¼«ä¸–ç•Œæœ‰ç€æµ“åšçš„å…´è¶£ï¼Œé‚£ä¹ˆä½ ä¸€å®šä¸èƒ½é”™è¿‡æˆ‘ä»¬çš„é¢‘é“ã€‚å¦‚æœä½ å–œæ¬¢æˆ‘ä»¬çš„è§†é¢‘ï¼Œè¯·ä¸è¦å¿˜è®°è®¢é˜…é¢‘é“å¹¶ç‚¹å‡»å°é“ƒé“›å›¾æ ‡ã€‚

è¯·æ”¾å¿ƒï¼Œæˆ‘ä»¬ä¸¥æ ¼éµå®ˆå¹³å°è§„åˆ™ï¼Œæ‰€æœ‰è§†é¢‘å†…å®¹éƒ½æ˜¯åŸåˆ›çš„ï¼Œä¸¥æ ¼ä¿æŠ¤ç‰ˆæƒï¼Œä¾µæƒå¿…ç©¶ï¼",2025-06-01T10:15:03Z,UCotq9MFP4JB4d4b3tUY9QaQ,è½é­„çš„ç‹å­,22,['#è‰¾'],PT19S,hd,false,73919158,809064,0,358
JPfWce4lVNw,Washroom Main both ï¿¼ï¿¼ğŸ‘»ğŸ˜‚ğŸ«¶ğŸ»#trendingshorts #shorts #varunbundela ï¿¼,,2025-06-07T07:18:10Z,UCPXQ211d2zbLXFmFr4uy7YQ,vlogger varun,24,[],PT1M,hd,false,8528535,282068,0,559
OALtkmQVIWg,How To Choose Hot Pot Date Night! Pt.2,,2025-06-03T23:52:45Z,UChK6a3Ro3po3fUfAm3_MyUQ,Jojo Sim,24,[],PT1M19S,hd,false,122907915,3965405,0,6467
ds3256S9HPo,Akhir trolley me kon betha ğŸ¤”,,2025-05-31T09:03:34Z,UCY5eVNga3ip9r9vrqpyvDHg,PoonamSikarwar,24,[],PT15S,hd,false,23866991,0,0,102
R8n4XwqvnIM,Paani ğŸš¿ huaa khatam ğŸ˜‚ || Jaanvi Patel #shorts #maabeta,,2025-05-31T12:38:34Z,UCRqs0TZOqe5nrwP-BrdnCjg,jaanvi patel,22,[],PT1M,hd,false,26247366,467580,0,807
vz20GD-lNGI,Tent House Me bhoot aarha hai â›ºï¸ğŸ˜± #shorts #ytshorts #viralvideos #tenthouse,Tent House Me black soldier aagya â›ºï¸ğŸ˜± #shorts #ytshorts #viralvideos #tenthouse,2025-06-04T01:34:14Z,UC2d238lEYmlHYpEm68wMc0A,Nishu jeet aarya,22,"['Tent House Me black soldier aagya â›ºï¸ğŸ˜±', 'tent house me black soldier aarha b', 'tent house me aarha h black soldier tabhi', 'tent house me aarha h black soldier aarha h', 'tent house me aarha h soldier', 'tent house me aagya black soldier', 'black soldier tent house me aagya', 'tent house ke under black soldier aarha b', 'shorts', 'ytshorts', 'youtubeshorts', 'shortsfeed', 'shortsvideo', 'trendingshorts']",PT42S,hd,false,16169452,233130,0,39
7VjkKuLFtec,Donâ€™t Kick The Cake!,,2025-06-05T20:27:37Z,UCPuEAY09CtdTzFNWuqVZgDw,Topper Guild,24,[],PT43S,hd,true,53977112,2851692,0,2103
fEXeY76xIyM,å°ä¸‘å˜å‡ºäº†ä¸ªä¸‘å¥³ #cosplay#shorts #è‰¾è,"æ¬¢è¿åŠ å…¥ã€è½é­„çš„ç‹å­ã€‘é¢‘é“~

åœ¨è¿™é‡Œï¼Œæˆ‘ä»¬å°†ç”¨å¿ƒåˆ›ä½œæ¯ä¸€ä¸ªè§†é¢‘ï¼Œé€šè¿‡ç²¾å¿ƒè®¾è®¡çš„è§’è‰²æ‰®æ¼”ï¼Œç»“åˆåŸåˆ›çš„åŠ¨æ¼«é£æ ¼å‰§æƒ…ã€‚

æˆ‘ä»¬çš„é¢‘é“ä¸ä»…ä»…æ˜¯å…³äºè§’è‰²æ‰®æ¼”ï¼Œæ›´æ˜¯ä¸€ä¸ªäºŒæ¬¡å…ƒä¸åŠ¨æ¼«çˆ±å¥½è€…çš„èšé›†åœ°ã€‚å¦‚æœä½ å¯¹äºŒæ¬¡å…ƒæ–‡åŒ–ã€æˆ–è€…åŠ¨æ¼«ä¸–ç•Œæœ‰ç€æµ“åšçš„å…´è¶£ï¼Œé‚£ä¹ˆä½ ä¸€å®šä¸èƒ½é”™è¿‡æˆ‘ä»¬çš„é¢‘é“ã€‚å¦‚æœä½ å–œæ¬¢æˆ‘ä»¬çš„è§†é¢‘ï¼Œè¯·ä¸è¦å¿˜è®°è®¢é˜…é¢‘é“å¹¶ç‚¹å‡»å°é“ƒé“›å›¾æ ‡ã€‚

è¯·æ”¾å¿ƒï¼Œæˆ‘ä»¬ä¸¥æ ¼éµå®ˆå¹³å°è§„åˆ™ï¼Œæ‰€æœ‰è§†é¢‘å†…å®¹éƒ½æ˜¯åŸåˆ›çš„ï¼Œä¸¥æ ¼ä¿æŠ¤ç‰ˆæƒï¼Œä¾µæƒå¿…ç©¶ï¼",2025-06-06T07:15:02Z,UCotq9MFP4JB4d4b3tUY9QaQ,è½é­„çš„ç‹å­,22,['#è‰¾'],PT10S,hd,false,15564761,209172,0,121
eJVMYvu1YoM,Äáº¥y lÃ  Ä‘iá»ƒu Anh áº¥y muá»‘n [BEN EAGLE] #beneagle #kungfu #cool,"MÃ¬nh lÃ  ngÆ°á»i Viá»‡t Nam.
Cáº£m Æ¡n cÃ¡c báº¡n Ä‘Ã£ á»§ng há»™ kÃªnh cá»§a mÃ¬nh nha.
HÃ£y ÄÄ‚NG KÃ kÃªnh Ä‘á»ƒ xem nhá»¯ng video má»›i má»—i ngÃ y nhÃ©.
HÃ£y THáº¢ TIM + CHIA Sáºº + BÃŒNH LUáº¬N náº¿u báº¡n tháº¥y hay nhÃ©.
ChÃºc táº¥t cáº£ cÃ¡c báº¡n cÃ³ nhá»¯ng giÃ¢y phÃºt thÆ° giÃ£n vÃ  giáº£i trÃ­ tuyá»‡t vá»i.
YÃªu máº¿n táº¥t cáº£ cÃ¡c báº¡n!!!
â€”â€”â€”â€”â€”â€”â€”â€”â€”â€”â€”â€”
I am Vietnamese.
Thank you for supporting my channel.
Please SUBSCRIBE to watch new videos every day.
Please LIKE + SHARE + COMMENT if you find it interesting.
Wish you all have great moments of relaxation and entertainment.
Love you all!!!
___BEN EAGLE___
#beneagle #eaglesacademy #masterbeneagle #vothuatdienanh #vothuat #hanhdong #tuve #masterkungfu #haihuoc #tuvethucchien #dienxuat #action #funny #shortfilm #actionfilm #kungfu #selfdefence #fighting #combat #martialarts #trending #shorts #heroic #superhero #cookman #kingofkungfu #comedy #acting #actionactor #actiondirector #actionmovie",2025-06-02T21:00:49Z,UCbGPgvNunvclTypPtL3sa0w,BEN EAGLE,24,"['ben eagle', 'eagles', 'vÃµ thuáº­t Ä‘iá»‡n áº£nh', 'huáº¥n luyá»‡n vÃµ thuáº­t Ä‘iá»‡n áº£nh', 'cascadeur', 'vÃµ thuáº­t', 'vÃµ hiá»‡n Ä‘áº¡i', 'diá»…n viÃªn hÃ nh Ä‘á»™ng', 'ngÃ´i sao vÃµ thuáº­t', 'trung tÃ¢m vÃµ', 'há»c vÃµ', 'tá»± vá»‡', 'eagle', 'shorts', 'ben eagle vn', 'lá»›p dáº¡y vÃµ', 'siÃªu nhÃ¢n', 'phim hanh dong vo thuat', 'phim vÃµ thuáº­t', 'eagles academy', 'tiktok', 'master ben eagle', 'beneagle', 'ben eagle movie', 'ben eagle shorts', 'ben eagle tiktok', 'nhÃ o lá»™n Ä‘Æ°á»ng phá»‘', 'tik tok', 'spider-man', 'sÃª lá»‘c huy', 'skibidi toilet', 'minecraft', 'cartoon', 'youtube', 'ben eagle official']",PT32S,hd,false,33881113,924392,0,1154
6KqPov0aYqU,Staying at Ipl stadium,Staying at Ipl stadium #shorts,2025-06-05T04:30:07Z,UCu6eDhSb-UJq7_vLgKe4vHw,Agnit Shorts,24,[],PT1M1S,hd,false,15862485,438874,0,1049
wRGHz5dDvvw,Padded Bed Senior Transfer Helper ( # 2089  ) 1ï¸âƒ£ Product Link in Bio,"â“ How to buy? Look for the shopping tags on the screen, click on them to view details, and easily purchase the featured products.

You can also find the product links in our bio  @MaviGadgets  
ğŸ”¥Product Number: # 2089
Product Name: Padded Bed Senior Transfer Helper 
Product Link: https://mavigadget.com/products/padded-bed-senior-transfer-helper/?ref=1007

Look for the shopping tags on the screen, click on them to view details, and easily purchase the featured products. 

 Find more unique products -  @MaviGadgets  
                                                                 â 
ğŸ“± Download our mobile app - https://mavigadget.app 

Discover the latest gadgets with MaviGadget! Explore smart tech, innovative devices, and trending accessories. Subscribe for updates and reviews on cutting-edge products.",2025-05-31T21:49:19Z,UCJfNJmcv6LXCDsaa2kB_-7A,MaviGadget,28,"['gadget', 'tech', 'useful', 'technology', 'gadgets', 'home', 'outdoor', 'camping', 'car', 'car gadgets', 'must-have products', 'trending products', 'trending gadgets', 'trending', 'viral', 'shorts', 'new technology', 'innovations', 'tech world', 'tech blogger', 'tech lover', 'satisfying', 'future tech', 'innovation', 'digital transformation', 'tech geek', 'design', 'product design', 'product designer', 'design inspiration', 'design inspirations', 'innovative design', 'innovative products', 'modern design', 'design love', 'design ideas', 'archiproducts']",PT20S,hd,false,55958144,477495,0,1010
-N9ueOsGmX4,Top 2 Worst Summer Gadget à¤¬à¤¹à¤¨ à¤¨à¥‡ à¤®à¤‚à¤—à¤¾à¤ à¤”à¤° à¤ªà¤›à¤¤à¤¾à¤ˆğŸ˜±#shorts,"#shorts 
Top 2 Worst Summer Gadget à¤¬à¤¹à¤¨ à¤¨à¥‡ à¤®à¤‚à¤—à¤¾à¤ à¤”à¤° à¤ªà¤›à¤¤à¤¾à¤ˆğŸ˜±#shorts 

SUBSCRIBE THE CHANNEL FOR MORE VIDEOS

 DON'T FORGET LIKE COMMENT & SHARE

instagram-ğŸ‘‡

 https://Instagram.com/techmasterco

Main Channel-ğŸ‘‡

https://youtube.com/c/TechMasterAK

business inquiry:- itstechmaster@gmail.com

Disclaimer
copyright disclaimer under Section 107 of the Copyright Act 1976, allowance is made for fair use for purposes such as criticism,comment, news,reporting teaching, scholarship, and research. fair use is a use permitted by copyright statute that might otherwise be infringing non-profit educational or personal use tips the balance in favor of fair use. No copyright infringement intended....",2025-05-29T07:25:40Z,UCglXlpWjIi95auM3umWWLdw,Tech Master Shorts,28,"['tech master', 'shorts', 'technology', 'facts', 'amazingtipsandtricks', 'arvind kharra', 'gadgets', 'summer gadgets', 'summer', 'cool gadgets', 'the best new gadgets for a fun summer', '12 gadgets for a perfect summer!', 'the best gadgets for a perfect summer!', '12 gadgets that will make summer more fun', 'cool new gadgets for an awesome summer', 'best gadgets', '10 amazing summer gadgets to keep you cool', 'cool gadgets to keep you cool this summer!', 'tech gadget']",PT1M,hd,false,38626671,884650,0,2629
E2bXjhYsd0U,"Cyclists, This Hose and Tire Trick Will Come in Handy #bike #tips #tricks","Cyclists, This Hose and Tire Trick Will Come in Handy

#shorts #bike #tips #tricks #lifehacks",2025-05-31T05:00:17Z,UCWP1Op_c3B2B9FWOrANILaw,Simple Creative,26,[],PT15S,hd,false,66322387,927134,0,1887
PeYkazCzkfE,Aaj Toh Pakda Gaya ğŸ˜± Iphone Ka Galat Use ğŸ˜­ #funny #comedy #rajatswati #trendingonshorts #foryou,,2025-06-03T07:30:17Z,UCW_MlfX8Y3oYK2uDUfN9wdg,RajatBornstar,23,[],PT16S,hd,false,10011686,206334,0,414
eoNh5pUCeKY,Swimming pool aur chashmishğŸ¤“ğŸ”¥| Indian familyğŸ˜‚|| #shorts #indian #relatable #chashmish #comedy,"Swimming pool aur chashmishğŸ¤“ğŸ”¥| Indian familyğŸ˜‚||

Disclaimer and warning:
This video is intended for entertainment purpose only. Any actions or activity in this videos shall not to be call to repeat them! Do not try to do that, the author shall not be hold liable for any of your actions or activity performed. This video is not made for kids.
Smoking is injurious to health! Smoking leads to cancer, heart attack and other deadly diseases. None of the actor in this video promote or support smokingÂ inÂ anyÂ manner.",2025-05-30T15:59:12Z,UC8_NGoazMiGbRPUTQ52_NdQ,Jagiya the fun,22,[],PT36S,hd,false,20692930,0,0,98
DcbCGk_t8CY,Squid Game Cake Task ğŸ‚ğŸ˜‚,#shorts #brothersvlog,2025-06-05T16:00:27Z,UCrFBMpfAfSUDadcOBzwP0pw,BROTHERS VLOG,24,[],PT13S,hd,false,3050525,49083,0,38
H0vQ6ZkZU-0,Sigma Kid Love #funny #sigma,,2025-05-29T13:21:42Z,UCNQAoLEv87L7NgUp4We3HIg,CRAZY GREAPA,24,[],PT51S,hd,false,101911161,1978270,0,6709
42f_0Qa5g8o,Akshay bana bachha ğŸ˜¯ğŸ˜¨||zoya sheikh #shorts #youtube #schoolvideo #zoyasheikh,,2025-05-31T09:10:00Z,UCKJIwz1stqYvIc7t-nluM7Q,Zoya Sheikh,22,[],PT57S,hd,false,19642276,317505,0,136
TZVTC72OL-0,Outsmarted ğŸ˜‚,,2025-05-29T07:00:24Z,UCkwZ4L2z5M_nLHoPtshyJbw,ILYA BORZOV,22,[],PT16S,hd,false,32768857,362084,0,699
1xlra6xczng,Wait for end ğŸ˜‚ | guess the product ğŸ˜œ #shorts,,2025-06-01T14:51:51Z,UCREgzDrb8n9J-cLOX6ZrmnA,ashok soni vlogs,24,[],PT10S,hd,false,17670808,155383,0,83
nXBNKl1miQc,Advika or mummy kyon shock ho gaye ğŸ¦–ğŸ˜‚ #shorts,,2025-05-31T03:33:06Z,UCfQQf7hfypZaIMTe9rLuGPA,Uma Bai,22,[],PT11S,hd,false,8646742,94478,0,23
yGKhcLK482Y,Squid Game Dalgona #shorts,Dalgona cracked. Squid Game! Thank you for watching. Subscribe to Mr Degree,2025-05-22T06:28:01Z,UCeYTfGpNCmVhlxjQxBDrGPA,Mr DegrEE,22,"['shorts', 'squid game', 'funny', 'mr degree', 'mariana', 'mari', 'youtube']",PT21S,hd,false,231587258,2621642,0,2970
OmwF8pGiHnU,hidden Rectangular Tray cake (ğŸ¥ @Foodpâ€¢rn @Roger Roger Deli. @StreetArtGlobe ),,2025-05-27T11:21:55Z,UCOU9l0XsEmJPr-PGcb8F5ZA,RSMSA,24,[],PT17S,hd,false,24804950,371471,0,218
L7jvQkBzls4,"Full Highlights | Pakistan vs Bangladesh | 3rd T20I, 2025 | PCB | M2N1A","Full Highlights | Pakistan vs Bangladesh | 3rd T20I, 2025 | PCB | M2N1A

#PAKvBAN | #ClashOfGreen 

Buy official Pakistan Cricket merchandise:
https://shop.pcb.com.pk/

Welcome to the official page of Pakistan Cricket Board. 

Get all your Pakistan Cricket updates here!

You can access exclusive player interviews, match highlights, practice sessions, press conferences, coaching videos and other beyond-the-boundary content.

Subscribe to our YouTube channel:
https://bit.ly/SubscribePakistanCricket

Like us on Facebook:
https://www.facebook.com/PakistanCricketBoard

Visit our website: 
https://www.pcb.com.pk/",2025-06-01T20:30:02Z,UCiWrjBhlICf_L_RK5y6Vrxw,Pakistan Cricket ,17,"['PCB', 'Pakistan Team', 'Pakistan Cricket Board', 'Cricket Pakistan', 'Pakistan Cricket Official', 'Pakistan Cricket', 'Pakistan Live Match', 'Pakistan Cricket Team', 'pak vs ban', 'pakistan vs bangladesh', 'pak vs ban t20i', 'pak vs ban t20is', 'pak vs ban 2025', 'pak vs ban t20i series', 'Pak vs Ban T20I Series', 'Pakistan vs Bangladesh', 'Pakistan vs Bangladesh Series 2025', 'Pakistan vs Bangladesh T20I Series 2025', 'Pakistan vs Bangladesh T20I 2025', 'Pakistan vs Bangladesh T20I', 'pak vs ban 3rd t20i live']",PT22M34S,hd,false,2118996,44574,0,828
LwM8BJSYd50,Justice with MaggiğŸ | #shorts,,2025-05-29T15:14:12Z,UC64f5UX8h_RdQLEu9vTU62g,Kunal monu,24,[],PT20S,hd,false,15213113,272231,0,139
FJI6Hv9uWFE,DHAMKI? ğŸ¤¬ğŸ˜¯ #shorts #sareaam #iqrarulhassan,"To watch all the Episodes of #SarEAam here  https://bit.ly/47G8oex

DHAMKI? ğŸ¤¬ğŸ˜¯ #shorts #sareaam #iqrarulhassan

#sareaam #latest #iqrarulhassan #shorts",2025-05-29T15:30:09Z,UCGU6Sw4NDKH3nO10vUfK0JQ,Sar e Aam,25,"['Iqrar Ul Hassan', 'Sar e Aam', 'Iqrar Ul Hassan Latest', 'Sar e Aam new', 'Watch Sar e Aam', 'Ø³Ø±Ø¹Ø§Ù…', 'Ù¹ÛŒÙ… Ø³Ø±Ø¹Ø§Ù…', 'Ù¹ÛŒÙ… Ø³Ø±ÙØ¹Ø§Ù…', 'Sar e Aam Latest Program', 'Iqrar Ul Hassan Latest Program', 'watch new sar e aam', 'Iqrar Ul Hassan - Sar e Aam', 'Sar e Aam Latest', 'Latest Program', 'Iqrar ul Hassan Latest', 'Sare Aam', 'Sar e Aam 2025', 'Sar e Aam Shorts 2025', 'Sar e Aam Viral', 'Viral shorts Sar e Aam', 'Viral shorts 2025', 'Sare aam shorts', 'Shorts sare aam']",PT35S,hd,false,1850691,77252,0,1318
oAhUvNiPo4E,TrÃ¹m cuá»‘i [BEN EAGLE] #beneagle #kungfu #martialarts #cool,"MÃ¬nh lÃ  ngÆ°á»i Viá»‡t Nam.
Cáº£m Æ¡n cÃ¡c báº¡n Ä‘Ã£ á»§ng há»™ kÃªnh cá»§a mÃ¬nh nha.
HÃ£y ÄÄ‚NG KÃ kÃªnh Ä‘á»ƒ xem nhá»¯ng video má»›i má»—i ngÃ y nhÃ©.
HÃ£y THáº¢ TIM + CHIA Sáºº + BÃŒNH LUáº¬N náº¿u báº¡n tháº¥y hay nhÃ©.
ChÃºc táº¥t cáº£ cÃ¡c báº¡n cÃ³ nhá»¯ng giÃ¢y phÃºt thÆ° giÃ£n vÃ  giáº£i trÃ­ tuyá»‡t vá»i.
YÃªu máº¿n táº¥t cáº£ cÃ¡c báº¡n!!!
â€”â€”â€”â€”â€”â€”â€”â€”â€”â€”â€”â€”
I am Vietnamese.
Thank you for supporting my channel.
Please SUBSCRIBE to watch new videos every day.
Please LIKE + SHARE + COMMENT if you find it interesting.
Wish you all have great moments of relaxation and entertainment.
Love you all!!!
___BEN EAGLE___
#beneagle #eaglesacademy #masterbeneagle #vothuatdienanh #vothuat #hanhdong #tuve #masterkungfu #haihuoc #tuvethucchien #dienxuat #action #funny #shortfilm #actionfilm #kungfu #selfdefence #fighting #combat #martialarts #trending #shorts #heroic #superhero #cookman #kingofkungfu #comedy #acting #actionactor #actiondirector #actionmovie",2025-05-29T16:55:00Z,UCbGPgvNunvclTypPtL3sa0w,BEN EAGLE,24,"['ben eagle', 'eagles', 'vÃµ thuáº­t Ä‘iá»‡n áº£nh', 'huáº¥n luyá»‡n vÃµ thuáº­t Ä‘iá»‡n áº£nh', 'cascadeur', 'vÃµ thuáº­t', 'vÃµ hiá»‡n Ä‘áº¡i', 'diá»…n viÃªn hÃ nh Ä‘á»™ng', 'ngÃ´i sao vÃµ thuáº­t', 'trung tÃ¢m vÃµ', 'há»c vÃµ', 'tá»± vá»‡', 'eagle', 'shorts', 'ben eagle vn', 'lá»›p dáº¡y vÃµ', 'siÃªu nhÃ¢n', 'phim hanh dong vo thuat', 'phim vÃµ thuáº­t', 'eagles academy', 'tiktok', 'master ben eagle', 'beneagle', 'ben eagle movie', 'ben eagle shorts', 'ben eagle tiktok', 'nhÃ o lá»™n Ä‘Æ°á»ng phá»‘', 'tik tok', 'spider-man', 'sÃª lá»‘c huy', 'skibidi toilet', 'minecraft', 'cartoon', 'youtube', 'ben eagle official']",PT33S,hd,false,31321583,719214,0,952
QSRoauu5wOs,"May 27, 2025",,2025-05-27T15:28:55Z,UC2zEAh6Dqm-uqsGXFE8cViw,Harish prajapati,22,[],PT11S,hd,false,25248368,288209,0,96
07_BTk3qRY8,Duniya ka Sabse Bada Amrud Sabse Mehenge Me Kareeda ğŸ’° End tak Dekhna ğŸ”¥ #humanity #theofficialgeet,,2025-05-28T14:46:04Z,UCEfwR1pITJFgqqyAX-RYxpg,The Official Geet,24,[],PT31S,hd,false,27034663,433891,0,744
8T8MTjBtxJA,Biggest Watermelon Ice Cream Part 2 #shorts #surajkeexperiment,"Biggest Watermelon Ice Cream Part 2 #shorts #surajkeexperiment

à¤¦à¥‹à¤¸à¥à¤¤à¥‹à¤‚ à¤¹à¤® à¤¤à¤°à¤¬à¥‚à¤œ à¤•à¥‡ à¤¸à¤¾à¤¥ à¤”à¤° à¤•à¥à¤¯à¤¾ à¤à¤•à¥à¤¸à¤ªà¥‡à¤°à¤¿à¤®à¥‡à¤‚à¤Ÿ à¤•à¤° à¤¸à¤•à¤¤à¥‡ à¤¹à¥ˆà¤‚, à¤†à¤ª à¤•à¤®à¥‡à¤‚à¤Ÿ à¤•à¤°à¤•à¥‡ à¤¬à¤¤à¤¾à¤“ ğŸ™ğŸ˜‡",2025-05-29T12:30:18Z,UCglN1x0ZopyQzaVfUC3O2JA,Suraj Ke Experiment,28,"['Biggest Watermelon Ice Cream Part 2', 'Biggest Watermelon Ice Cream', 'suraj ke experiment']",PT37S,hd,false,14424585,611370,0,503
6qWXAjmQGlY,Squid Game ğŸ­ğŸ˜ˆ #shorts #jomyproduction,,2025-05-26T14:00:15Z,UC_cdxikvfl_ntmtW6loibKA,Jomy Production,24,[],PT1M4S,hd,false,28075435,451468,0,360
aSFnN0Duf_g,Private school vs government school ğŸ˜‚ comment check kro #chetanthebackbencher #chetannn026 #comedy,,2025-05-25T16:09:53Z,UCj_0IgWbTQM9d-f-CIPYCnA,Chetan the backbencher,20,[],PT1M10S,hd,false,20593643,706408,0,1426
tyYWPXWGv1I,DIY Bamboo Creations with Two clour Balloone Slingshots #Bamboo #Slingshots #Diy #Bambooart,DIY Bamboo Creations with Two Clour Balloone Slingshots,2025-05-29T01:00:55Z,UC09yLJNAnvqmGDqJ-z7hZ4g,Bamboo Art,22,"['Bamboo video', 'clourballoone', 'balloone video', 'bamboo slingshots', 'Slingshots with bamboo', 'bamboo art', 'bamboo idea', 'Bamboo craft']",PT19S,hd,false,68465416,1470082,0,1286
XF8p8_jN60g,"Full Highlights | Pakistan vs Bangladesh | 2nd T20I, 2025 | PCB | M2N1A","Full Highlights | Pakistan vs Bangladesh | 2nd T20I, 2025 | PCB | M2N1A

#PAKvBAN | #ClashOfGreen 

Buy official Pakistan Cricket merchandise:
https://shop.pcb.com.pk/

Welcome to the official page of Pakistan Cricket Board. 

Get all your Pakistan Cricket updates here!

You can access exclusive player interviews, match highlights, practice sessions, press conferences, coaching videos and other beyond-the-boundary content.

Subscribe to our YouTube channel:
https://bit.ly/SubscribePakistanCricket

Like us on Facebook:
https://www.facebook.com/PakistanCricketBoard

Visit our website: 
https://www.pcb.com.pk/",2025-05-30T20:00:22Z,UCiWrjBhlICf_L_RK5y6Vrxw,Pakistan Cricket ,17,"['PCB', 'Pakistan Team', 'Pakistan Cricket Board', 'Cricket Pakistan', 'Pakistan Cricket Official', 'Pakistan Cricket', 'Pakistan Live Match', 'Pakistan Cricket Team', 'pak vs ban', 'pakistan vs bangladesh', 'pak vs ban t20i', 'pak vs ban t20is', 'pak vs ban 2025', 'pak vs ban t20i series', 'Pak vs Ban T20I Series', 'Pakistan vs Bangladesh', 'Pakistan vs Bangladesh Series 2025', 'Pakistan vs Bangladesh T20I Series 2025', 'Pakistan vs Bangladesh T20I 2025', 'Pakistan vs Bangladesh T20I', 'pak vs ban 2nd t20i live']",PT22M27S,hd,false,2058588,39239,0,730
3vH0qCma05s,"$3,000 RC vs Car!",,2025-05-26T09:51:36Z,UCB-7LMovHmwxVK1FfNvKHFQ,RCDriftTok,22,[],PT19S,hd,false,73713622,1583252,0,1875
QZrWItLINME,Bhootni Ne Mera Hath Par Kaat Liya ğŸ§Ÿâ€â™€ï¸ #bhootiya #bhoot #haunted #horror #minivlog #sanjhalika,,2025-06-04T06:13:09Z,UCrWc5vUgSM4MvZWI3_2iQ8Q,Sanjhalika Vlog,22,[],PT57S,hd,false,17652203,267083,0,102
qqtDcuUEB1s,iPhone16 Pro max vs S25 Ultra - à¤•à¥Œà¤¨ à¤¹à¥‹à¤—à¤¾ à¤¸à¤¬à¤¸à¥‡ à¤ªà¤¹à¤²à¥‡ ChargeğŸ˜³#shorts,"#shorts 
SUBSCRIBE THE CHANNEL FOR MORE VIDEOS

 DON'T FORGET LIKE COMMENT & SHARE

instagram-ğŸ‘‡

 https://Instagram.com/techmasterco

Main Channel-ğŸ‘‡

https://youtube.com/c/TechMasterAK

business inquiry:- itstechmaster@gmail.com

Disclaimer
copyright disclaimer under Section 107 of the Copyright Act 1976, allowance is made for fair use for purposes such as criticism,comment, news,reporting teaching, scholarship, and research. fair use is a use permitted by copyright statute that might otherwise be infringing non-profit educational or personal use tips the balance in favor of fair use. No copyright infringement intended....",2025-05-26T08:10:17Z,UCglXlpWjIi95auM3umWWLdw,Tech Master Shorts,28,"['tech master', 'shorts', 'technology', 'facts', 'amazingtipsandtricks', 'arvind kharra', 'samsung s25 ultra vs iphone 16 pro max', 'samsung galaxy s25 ultra vs iphone 16 pro max', 'iphone 16 pro max vs samsung s25 ultra', 'galaxy s25 ultra vs iphone 16 pro max', 'iphone 16 pro max vs galaxy s25 ultra', 'iphone 16 pro max vs s25 ultra', 'samsung s25 ultra', 'galaxy s25 ultra', 'samsung galaxy s25 ultra', 'iphone 16 pro max vs samsung galaxy s25 ultra', 's25 ultra', 'iphone 16 pro max vs samsung s24 ultra']",PT59S,hd,false,25384924,910207,0,826
-HiXnLiW4MA,ğŸ˜³Any kind of loveğŸ‘©â€ğŸ«for animalsğŸ˜­ğŸ˜­||Vishvi official||#trending #emostional #youtubeshorts,,2025-05-29T09:43:12Z,UCXybSMD7tfqD2scUCg8MydA,Vishvi Official,22,[],PT59S,hd,false,9812855,201947,0,91
16KwU0xbTDU,Free me shopping ğŸ›ï¸ karne ka idea ğŸ’¡ğŸ˜‚ ||end miss mat karnağŸ¤£â¤ï¸|| #shorts #comedy,,2025-05-26T13:30:58Z,UCigIQemkMDqVKxRxErb5fAA,Ankita Bhawsar,22,[],PT1M26S,hd,false,13734703,356913,0,310
INqRNZbPTqE,Painting ğŸ¨GameğŸ”¥Squid Game ğŸ©¸|| Mr Bunny || #squidgame2 #shorts #trending,,2025-05-30T11:32:32Z,UCmqV2skrrbCLEOCTWDTZYDQ,Mr Bunny,22,[],PT1M,hd,false,5961717,83772,0,99
sL7MWTbbqCk,Thanda Gola Part 4ğŸ˜‚ Confuse Customer ğŸ˜… Salman Nomanâ¤ï¸ #shorts #comedy,,2025-05-21T12:03:15Z,UCXTyWqKtLLzaom6XwaJu7xw,Salman Noman,23,[],PT1M2S,hd,false,4564284,107391,0,208
S8oKKEOsxyM,That psycho friend ğŸ˜­ â€‹â @Reenudebnath #viral #funny #meme #comedy #bollywood #comedyshorts,,2025-05-22T14:54:07Z,UCx9hGloeHNwhGNpD9bArFng,Satya Swagat Mohanty,22,[],PT1M4S,hd,false,30738889,481536,0,1408
xrvcmPfK0hs,"Full Highlights | Pakistan vs Bangladesh | 1st T20I, 2025 | PCB | M2N1A","Full Highlights | Pakistan vs Bangladesh | 1st T20I, 2025 | PCB | M2N1A

#PAKvBAN | #ClashOfGreen 

Buy official Pakistan Cricket merchandise:
https://shop.pcb.com.pk/

Welcome to the official page of Pakistan Cricket Board. 

Get all your Pakistan Cricket updates here!

You can access exclusive player interviews, match highlights, practice sessions, press conferences, coaching videos and other beyond-the-boundary content.

Subscribe to our YouTube channel:
https://bit.ly/SubscribePakistanCricket

Like us on Facebook:
https://www.facebook.com/PakistanCricketBoard

Visit our website: 
https://www.pcb.com.pk/",2025-05-28T20:15:02Z,UCiWrjBhlICf_L_RK5y6Vrxw,Pakistan Cricket ,17,"['PCB', 'Pakistan Team', 'Pakistan Cricket Board', 'Cricket Pakistan', 'Pakistan Cricket Official', 'Pakistan Cricket', 'Pakistan Live Match', 'Pakistan Cricket Team', 'pak vs ban', 'pakistan vs bangladesh', 'pak vs ban t20i', 'pak vs ban t20is', 'pak vs ban 2025', 'pak vs ban t20i series', 'Pak vs Ban T20I Series', 'Pakistan vs Bangladesh', 'Pakistan vs Bangladesh Series 2025', 'Pakistan vs Bangladesh T20I Series 2025', 'Pakistan vs Bangladesh T20I 2025', 'Pakistan vs Bangladesh T20I', 'pak vs ban 1st t20i live']",PT22M6S,hd,false,2330212,49114,0,1096
6M6OxdWu8IY,Science Jeeti Ya Bouncers ? #ashusir #experiment #scienceandfun #physics #ytshorts #shorts,Invertis University me kiya gaya yeh experiment. Kamaal ke bache and kamaal ke teacher. Bahut helpful,2025-05-26T11:11:59Z,UCACU6FM4RgOgX0IHB7dudFA,Science and fun,28,[],PT1M,hd,false,23670964,844717,0,2398
2B09y4vNb9s,Remote Control 2 Ta Auto Rickshaw Unboxing,Rc Auto rickshaw Unboxing,2025-05-26T03:56:02Z,UCsRoar9Ec4rp7_66mP9mg-g,Ruhul Shorts,22,"['Remote control auto rickshaw', 'Rc auto']",PT22S,hd,false,37774299,403924,0,389
faEsy1KTqf0,"When your attitude goes wrong,..ğŸ‘€ #azmaik #reality #hearttouching #emotional #humanity #attitude",,2025-05-20T11:42:02Z,UCut1Ur1MRUfw2m5d_zj6VAw,Mr Azmaik,24,"['Azmaik', 'Azmaikshorts', 'Reality', 'Humanity', 'Hearttouching', 'Azmaik attitude', 'Emotional', 'Attitude']",PT48S,hd,false,44929721,1561453,0,1639
bfSixh-blxA,Principle ki beti in summers ğŸ˜‚â¤ï¸ğŸ’¯ #trendingshorts #shorts #amishaforyou,,2025-05-23T07:28:38Z,UCi3MAWavUCdKqjpiqqUSqMQ,Amishaforyou,24,[],PT59S,hd,false,19583785,605139,0,745
qZQIpZXmJv0,Sher Episode 1 | Danish Taimoor | Sarah Khan | 21 May 2025 [ENG SUB] | ARY Digital Drama,"""Watch the latest Pakistani drama now, and make sure to subscribe for all the updates!""
â¡ï¸ https://bit.ly/arydigitalyt.

To watch all episodes of Sher â¡ï¸ https://www.youtube.com/playlist?list=PLb2aaNHUy_gGNtS2Iig4M8ZqhMV9QaMti

Sher Episode 1 | Digitally Presented by Diamond Paints & Surf Excel | Danish Taimoor | Sarah Khan | 21 May 2025 | ARY Digital Drama

Some love stories aren't just written in heartsâ€”they're carved through pain, sacrifice, and fire. Enter the world of Sher, where two soulsâ€”Sher Zaman and Fajarâ€”dare to love beyond the lines drawn by generations of hate.

Danish Taimoor breathes life into Sher Zaman, a man raised with command in his veinsâ€”fierce, proud, and built to lead.
Sarah Khan shines as Fajar, a gentle heart swept into the storm of a family feud, trying to hold on to love and light in a world clouded by old grudges.

Their paths were never meant to cross. But loveâ€¦ had other plans.

Sher is a gripping Pakistani drama packed with raw emotions, intense rivalries, and deep-rooted traditions.
From kidnappings and secret alliances to broken promises and forbidden love, every episode leaves you wanting more.
Featuring a stellar cast and top-tier storytelling from the makers of iconic drama hits.

Cast:
Danish Taimoor as Sher Zaman
Sarah Khan as Fajar
Arjumand Rahim, 
Sunita Marshall, 
Nadia Afgan, 
Yousuf Bashir Qureshi, 
Faizan Shaikh, 
Atiqa Odho, and more.

Written by: Zanjabeel Asim
Directed by: Aehsun Talish

Airs Wed & Thu at 8:00 PM, only on ARY Digital

Don't miss this emotional rollercoaster of love, loyalty, and legacy.

#Sher #DanishTaimoor #SarahKhan #PakistaniDrama #ARYDigital #DramaSerial #NewDrama2025 #FamilyFeud #LoveStory #RomanticDrama #ZanjabeelAsim #AehsunTalish #SherZaman #Fajar #pakistanitvdrama 

Pakistani Drama Industry's biggest Platform, ARY Digital, is the Hub of exceptional and uninterrupted entertainment. You can watch quality dramas with relatable stories, Original Sound Tracks, Telefilms, and a lot more impressive content in HD. Subscribe to the YouTube channel of ARY Digital to be entertained by the content you always wanted to watch.",2025-05-21T16:00:07Z,UC4JCksJF76g_MdzPVBJoC3Q,ARY Digital HD,24,"['Sher Episode 1', 'Sher Episode 01', 'Sher Episode 1 21 May 2025', 'Sher Episode 1 Pakistani drama', 'Pakistani drama 2025 Sher', 'Sher Episode 1 ARY Digital', 'Sher Ep 01', 'sher ep 1 drama', 'ARY Digital', 'ARY', 'Pakistani Drama 2025', 'Danish Taimoor New drama 2025', 'Danish Taimoor drama 2025', 'Sarah khan new drama', 'sarha khan', 'ary', 'ary digital', 'pakistani serial', 'à¤ªà¤¾à¤•à¤¿à¤¸à¥à¤¤à¤¾à¤¨à¥€ à¤¡à¥à¤°à¤¾à¤®à¤¾', 'latest pakistani drama', 'pakistani drama 2025', 'best dramas of Pakistan', 'Drama', 'drama new', 'pakistani drama new']",PT39M9S,hd,true,21424732,309960,0,7852
5NsnsVrY-j8,Motherâ€™s love â¤ï¸ #seemalamba,,2025-05-25T08:03:24Z,UCtS6agEdzFkiNkGshvhbSuQ,seema lamba,24,[],PT45S,hd,false,26504716,368845,0,56
FalWE5Xhcvg,Judwaa da Last Ep 61 - FINAL [ Aina Asif & Adnan Raza ] Ujooba Beauty Cream&Berg Prickly Heat Powder,"ğŸ‘‰ Subscribe To HUM TV - https://bit.ly/HumTvPK

Judwaa - Judwaa da Last Episode 61 - FINAL [ Aina Asif & Adnan Raza ] Ujooba Beauty Cream & Berg Prickly Heat Powder

Judwaa is the story of twin girls who share the same face but have contrasting personalities and destinies. One is gentle and reserved, while the other is bold and fearless. As fate weaves unexpected twists, their lives take dramatic turns. Starring Aina Asif in a dual role, this gripping drama explores identity, destiny, and the power of choice.

Cast:
Aina Asif
Shahood Alvi
Sabreen Hisbani
Zhalay Surhadi
Nadia Hussain Khan
Mohammad Ahmed
Adnan Raza Mir
Ali Dayan
Reham Rafiq 
Diya Mughal
Darakshan Tahir & Others.

Written by: Fizza Jafri & Orooj Binte Arsalan
Directed by: Furqan Adam
Produced by: BJ Production & MD Productions

#Judwaaep61
#AinaAsif
#AdnanRazaMir 
#pakistanidramas 
#mominaduraiddramas 

Digitally Presented By Ujooba Beauty Cream #ujoobabeautycream 

Digitally Powered By Berg Snowfall Prickly Heat Powder
#Bergsnowfallpricklyheatpowder",2025-05-23T17:00:17Z,UCEeEQxm6qc_qaTE7qTV5aLQ,HUM TV,24,"['pakistani serial', 'latest pakistani drama', 'top pakistani drama', 'best pakistani drama', 'pakistani serial 2025', 'pakistani drama 2025 episode', 'Pakistani drama 2025 episode', 'Judwaa Drama', 'Judwaa Hum Tv', 'Aina Asif', 'Adnan Raza Mir', 'Adnan Raza Mir Drama', 'Aina Asif Drama', 'Aina Asif Judwaa', 'Adnan Raza Mir Judwaa', 'judwa new drama', 'judwaa ep 61', 'judwaa new ep 61', 'judwaa today ep', 'à¤ªà¤¾à¤•à¤¿à¤¸à¥à¤¤à¤¾à¤¨à¥€ à¤¡à¥à¤°à¤¾à¤®à¤¾', 'à¤ªà¤¾à¤•à¤¿à¤¸à¥à¤¤à¤¾à¤¨à¥€ à¤¸à¥€à¤°à¤¿à¤¯à¤²', 'momina Duraid Dramas', 'judwaa 61', 'Judwaa - 61', 'Judwaa Episode 61']",PT37M51S,hd,false,13692983,218009,0,14486
9GpeVEVVGEM,Video ko last tak dekhe kya hua #funny #comedy #video #tranding,,2025-05-21T00:57:36Z,UC2gqKnGwtvntkEkMsYUKXYg,Roli ji Verma full masti,23,[],PT18S,hd,false,38431670,422001,0,276
6Xkdk5wvq8E,Aapko Bhi Game Khelni Hai? END Tak Dekhna ğŸ¥°Ladki k Expressions R GoldğŸ˜ #humanity #theofficialgeet,,2025-05-22T14:50:41Z,UCEfwR1pITJFgqqyAX-RYxpg,The Official Geet,24,[],PT33S,hd,false,13519562,319742,0,1205
dNQeI76PNJo,Jadui chocolate ğŸ˜¨ğŸ˜¯||zoya sheikh #shorts #youtube #schoolvideo #zoyasheikh,,2025-05-22T03:30:29Z,UCKJIwz1stqYvIc7t-nluM7Q,Zoya Sheikh,22,[],PT52S,hd,false,18872954,292376,0,147
xwaa4WQbMXI,aaj raat akela chat pe galat soya #minivlog #dailyminivlog #minivlogseries #familyvlog #familyfun,aaj raat akela chat pe galat soya #minivlog #dailyminivlog #minivlogseries #familyvlog #familyfun,2025-05-20T13:44:10Z,UCPy7rUDwzn8G3o951VZ7BcA,Wisdom Store,26,"['mini vlog', 'daily mini vlog', 'mini vlog series', 'youtube shorts', 'shorts vlog', 'mini vlogs', 'family vlog', 'family fun', 'family love', 'wisdom store']",PT48S,hd,false,41875641,1392289,0,1555
Z5RBRJM1yTM,Kisi ki beizzati na kare kaun kab kaam aa jaye ğŸ¥¹,,2025-05-29T13:22:53Z,UCfIpFdLEnTfkXjcwsiO4dAA,Vijay Kumar Viner Vlogs,23,[],PT1M,hd,false,22295846,393505,0,287
-6y6xrIs7Pg,ğŸ˜±à¤¦à¤¾à¤¦à¥€ à¤®à¤¾à¤ à¤¨à¥‡ à¤®à¥à¤à¥‡ à¤•à¥à¤¯à¥‹ à¤®à¤¾à¤°à¤¾ ğŸ’”ğŸ˜¢#humanity #respect #helping #trending #viralvideo #youtubeshorts,,2025-05-19T06:48:25Z,UCGZZLtKiWtkmDD36zYTaBCw,help_by_godğŸ«‚,22,[],PT47S,hd,false,74249237,2470854,0,8059
rTpKmb029vg,Ops ğŸ’¦ Splashing On Bed ğŸ˜‚|,,2025-05-21T07:01:00Z,UCLk0SeWUVMpEuu_lM64gDSA,Ak Ultra,22,[],PT19S,hd,false,41013806,481173,0,181
zU8UmK_RERs,Summer gadgets for school students! #shorts,,2025-05-21T05:12:22Z,UCcl4x-1l61b4mI3HnnmoxOg,Shreemani Tripathi,24,[],PT59S,hd,false,16704618,426444,0,614
-kBtnOqh3rk,à¤¬à¤šà¥à¤šà¥‡ à¤•à¥‹ à¤—à¤°à¥à¤®à¥€ à¤®à¥‡à¤‚ à¤†à¤‡à¤¸à¤•à¥à¤°à¥€à¤® à¤•à¤¾ à¤²à¤¾à¤²à¤š à¤¦à¥‡à¤•à¤° à¤ªà¤¤à¤‚à¤— à¤²à¥‚à¤Ÿ à¤²à¤¿à¤¯à¤¾ğŸ¤£ğŸª#kite #kiteflying #patang #patangbazi,,2025-05-27T00:46:44Z,UCelrZXLs9g5YIVz2Y5LuJng,All Rounder Boy ASR,24,[],PT20S,hd,false,10563363,160961,0,265
gstwYx-DRnE,Deploying a Buoy From a Boat! ğŸ›Ÿ #buoy #boats #sea,"You can follow us on:

https://www.instagram.com/supercarblondie
https://www.facebook.com/supercarblondie
https://www.twitter.com/supercarblondie
https://www.tiktok.com/@supercarblondie
https://www.supercarblondie.com
https://www.snapchat.com/discover/Supercar_Blondie/0902710649",2025-05-21T12:01:20Z,UCKSVUHI9rbbkXhvAXK-2uxA,Supercar Blondie,2,[],PT19S,hd,false,57343825,794360,0,640
Q-xE9VZmQ8o,did you do this?,,2025-06-01T15:17:57Z,UCNRl8nOCoUvki2FNFxQZgEg,dednahype,23,[],PT18S,hd,false,40460117,462557,0,216
WKB2bhP3Kgo,Sher Episode 3 | Danish Taimoor | Sarah Khan | 28 May 2025 [ENG SUB] | ARY Digital Drama,"""Watch the latest Pakistani drama now, and make sure to subscribe for all the updates!""
â¡ï¸ https://bit.ly/arydigitalyt.

Sher Episode 3 | Digitally Presented by Diamond Paints & Surf Excel | Danish Taimoor | Sarah Khan | 28 May 2025 | ARY Digital Drama

Some love stories aren't just written in heartsâ€”they're carved through pain, sacrifice, and fire. Enter the world of Sher, where two soulsâ€”Sher Zaman and Fajarâ€”dare to love beyond the lines drawn by generations of hate.

Danish Taimoor breathes life into Sher Zaman, a man raised with command in his veinsâ€”fierce, proud, and built to lead.
Sarah Khan shines as Fajar, a gentle heart swept into the storm of a family feud, trying to hold on to love and light in a world clouded by old grudges.

Their paths were never meant to cross. But loveâ€¦ had other plans.

Sher is a gripping Pakistani drama packed with raw emotions, intense rivalries, and deep-rooted traditions.
From kidnappings and secret alliances to broken promises and forbidden love, every episode leaves you wanting more.
Featuring a stellar cast and top-tier storytelling from the makers of iconic drama hits.

Cast:
Danish Taimoor as Sher Zaman
Sarah Khan as Fajar
Arjumand Rahim, 
Sunita Marshall, 
Nadia Afgan, 
Yousuf Bashir Qureshi, 
Faizan Shaikh, 
Atiqa Odho, and more.

Written by: Zanjabeel Asim
Directed by: Aehsun Talish

Airs Wed & Thu at 8:00 PM, only on ARY Digital

Don't miss this emotional rollercoaster of love, loyalty, and legacy.

#Sher #DanishTaimoor #SarahKhan #PakistaniDrama #ARYDigital #DramaSerial #NewDrama2025 #FamilyFeud #LoveStory #RomanticDrama #ZanjabeelAsim #AehsunTalish #SherZaman #Fajar #pakistanitvdrama 

Pakistani Drama Industry's biggest Platform, ARY Digital, is the Hub of exceptional and uninterrupted entertainment. You can watch quality dramas with relatable stories, Original Sound Tracks, Telefilms, and a lot more impressive content in HD. Subscribe to the YouTube channel of ARY Digital to be entertained by the content you always wanted to watch.",2025-05-28T16:00:07Z,UC4JCksJF76g_MdzPVBJoC3Q,ARY Digital HD,24,"['Sher Episode 3', 'Sher Episode 03', 'Sher Episode 3 28 May 2025', 'Sher Episode 3 Pakistani drama', 'Pakistani drama 2025 Sher', 'Sher Episode 3 ARY Digital', 'Sher Ep 03', 'sher ep 3 drama', 'ARY Digital', 'ARY', 'Pakistani Drama 2025', 'Danish Taimoor New drama 2025', 'Danish Taimoor drama 2025', 'Sarah khan new drama', 'sarha khan', 'ary', 'ary digital', 'pakistani serial', 'à¤ªà¤¾à¤•à¤¿à¤¸à¥à¤¤à¤¾à¤¨à¥€ à¤¡à¥à¤°à¤¾à¤®à¤¾', 'latest pakistani drama', 'pakistani drama 2025', 'best dramas of Pakistan', 'Drama', 'drama new', 'pakistani drama new']",PT37M29S,hd,true,14522264,213408,0,4802
x4A3jyaIYDs,Looking for a solid excuse to sneak into the principal madam's office ğŸ¥²ğŸ˜‚ | Hassu,"Like|Comment|Share

Business:- hassupromotion@gmail.com

Instagram:- https://www.instagram.com/hassuofficial1/

Thank You For
Keep Support me",2025-05-22T07:36:42Z,UCaQyj3awY3ffqG1KlKVWR5Q,Hassu,24,"['hassu', 'new hassu video', 'new comedy hassu video', 'new video', 'hassu comedy', 'new hassu shorts', 'shorts video', 'shorts new comedy', 'hassu new shorts', 'hassu new comedy video', 'hassu new comedy', 'hassu new shorts video', 'shorts videos', 'new shorts video', 'hassu new comedy shorts', 'hassu wala ladka', 'middle class boy', 'boy', 'new shorts videos', 'hassu new comedys', 'hassu comedy videos', 'funny videos', 'funny shorts']",PT59S,hd,false,14121033,534576,0,507
XFx0kYe0yik,"LIKE MOTHER, LIKE DAUGHTERğŸ¤£#ytshorts #shorts #shortsfeed #viral #comedy #funny #trending #tmkoc #yt",,2025-05-14T06:48:22Z,UC5JF4jPACfKYgFaHstgREGQ,Chhote & Aandu,23,[],PT18S,hd,false,51795619,1553869,0,7948
78gQobcb19M,That one kid in 5 star hotelğŸ˜‚ğŸ˜‚ #shorts #trending,,2025-05-28T03:30:47Z,UCpAjFBZZ2AO-K_Ly10KIj1w,Adarsh Solanki,24,[],PT1M31S,hd,false,13387768,403957,0,619
N0pwLtonPdg,Slippery vs Sticky Stairs,,2025-05-16T16:00:01Z,UCX6OQ3DkcsbYNE6H8uQQuVA,MrBeast,24,[],PT36S,hd,false,224229173,5098967,0,15941
EpiAQZJ5bwo,Gaurav ko kisi nai bhi juice nahi diya #shorts #youtubeshorts #gauravaroravlogs,,2025-05-15T07:30:06Z,UCZrBQSMI1mme3xGHl6hqfNQ,Gauravaroravlogs ,24,[],PT15S,hd,false,27546717,648615,0,440
aUxNd2zkn2s,Ui ğŸ—¡ï¸ Wishing Gone Wrong ğŸ˜°|,,2025-05-22T07:00:02Z,UCLk0SeWUVMpEuu_lM64gDSA,Ak Ultra,22,[],PT18S,hd,false,24830295,368381,0,97
Upg7Bqx4ZGA,à¤ªà¤°à¤¿à¤µà¤¾à¤° à¤•à¥€ à¤–à¤¼à¥à¤¶à¥€ à¤®à¥‡à¤‚ à¤¹à¥€ à¤¹à¤®à¤¾à¤°à¥€ à¤–à¤¼à¥à¤¶à¥€ à¤¹à¥ˆâ¤ï¸ #family #viralvideo #emotional #sad #kajalsoni @kajalsoni,,2025-05-20T06:32:00Z,UCv-yge5mA1i9P3ahJaOBWcQ,Kajal Soni,22,[],PT1M,hd,false,21670714,545611,0,548
GEyrGuzd260,mummy mujhe jor se potty I hai kya aapke bhi bacche aapke sath Aisa karte Hain,,2025-05-16T00:19:51Z,UC2gqKnGwtvntkEkMsYUKXYg,Roli ji Verma full masti,23,[],PT18S,hd,false,49252966,532664,0,505
wFQRkqR6XBs,å°ä¸‘è·‘åˆ°cocoçš„ç‰™é‡Œé¢äº† #å°ä¸‘ #å¤©ä½¿ #shorts,"æ¬¢è¿æ¥åˆ°ã€å¥½äººå°ä¸‘ã€‘é¢‘é“ï¼Œè¿™é‡Œæ˜¯å¥½äººå°ä¸‘çš„è§’è‰²æ‰®æ¼”ã€äºŒæ¬¡å…ƒç¾æ¼«çš„é›†ç»“åœ°ï¼ŒåŒæ—¶ä¹Ÿæ˜¯æˆ‘è¿™ä¸ªè‡ªç§°â€œå¥½äººã€å°ä¸‘ã€è¿·äººçš„åè›‹â€å±•ç¤ºè‡ªæˆ‘é£æ ¼çš„èˆå°ã€‚ğŸ­ğŸ›¡ï¸

åœ¨è¿™ä¸ªé¢‘é“é‡Œï¼Œä½ å°†çœ‹åˆ°ä¸ä¸€æ ·çš„å¥½äººå°ä¸‘â€”â€”ä¸ä»…æœ‰è‹±é›„çš„å‹‡æ•¢å’Œæ­£ä¹‰ï¼Œè¿˜æœ‰å°ä¸‘çš„å¹½é»˜ä¸æœºæ™ºï¼Œä»¥åŠé‚£äº›è®©äººæ„æƒ³ä¸åˆ°çš„â€œåè›‹â€é­…åŠ›ã€‚æˆ‘å°†é€šè¿‡å„ç§äºŒæ¬¡å…ƒå’Œç¾æ¼«é£æ ¼çš„å†…å®¹ï¼Œå¸¦ä½ è¿›å…¥ä¸€ä¸ªæ—¢ç†Ÿæ‚‰åˆå…¨æ–°çš„è¶…çº§è‹±é›„ä¸–ç•Œã€‚ğŸŒŸğŸ¨

ğŸ”” å¦‚æœä½ å¯¹æˆ‘çš„è§†é¢‘æ„Ÿå…´è¶£ï¼Œå°±è¯·è®¢é˜…å¹¶ç‚¹å‡»å°é“ƒé“›å›¾æ ‡ã€‚

ğŸš« æˆ‘ä»¬æ‰¿è¯ºï¼Œé¢‘é“å†…å®¹100%åŸåˆ›ï¼Œä¸¥æ ¼éµå®ˆå¹³å°è§„åˆ™ï¼Œå¯¹äºä»»ä½•ç›—ç‰ˆè¡Œä¸ºï¼Œæˆ‘ä»¬éƒ½å°†åšå†³é‡‡å–æªæ–½ï¼Œä¿æŠ¤ç‰ˆæƒä¸å—ä¾µçŠ¯ï¼
æˆ‘ä»¬çš„è§†é¢‘åˆ¶ä½œå›¢é˜Ÿä¼šç‰¹åˆ«å…³æ³¨å„¿ç«¥çš„å®‰å…¨éœ€æ±‚ï¼Œç¡®ä¿å†…å®¹ä¸ä¼šå¯¹å…¶é€ æˆä»»ä½•å±å®³",2025-05-13T06:30:26Z,UCovvTRDnB3XraOrB9jiSB3A,å¥½äººå°ä¸‘,22,"['å¥½äººå°ä¸‘', 'ç¾å›½é˜Ÿé•¿', 'è§’è‰²æ‰®æ¼”', 'äºŒæ¬¡å…ƒ', 'ç¾æ¼«', 'è¿·äººåè›‹', 'è¶…çº§è‹±é›„', 'æç¬‘è§†é¢‘', 'æ­£èƒ½é‡', 'æ¼«ç”»çˆ±å¥½è€…', 'è§’è‰²è§£æ', 'å¹½é»˜å‰§æƒ…', 'åˆ›æ„æ¼”ç»', 'å¨±ä¹é¢‘é“', 'æ•°å­—æ¼«ç”»', 'è¶…çº§è‹±é›„æ–‡åŒ–', 'æ¼«ç”»è§’è‰²', 'è§’è‰²é­…åŠ›', 'è‹±é›„å†’é™©', 'åŠ¨ç”»åˆ¶ä½œ', 'è§’è‰²æ·±åº¦æ¢è®¨']",PT23S,hd,false,142396403,1458782,0,753
IdC7LM3_kWY,Chitthi ka raaz ğŸ˜°âœ‰ï¸ğŸ˜± (part-2) | Vijay Saiwal | #shorts #school #schoollife #crime #thriller,,2025-05-24T14:10:00Z,UCCKq4rKLc3XeTgLtJOMacvQ,Vijay Saiwal,22,[],PT48S,hd,false,10512512,203458,0,155
USUZxVsLutI,Product Link in Bio ( # 2300 ) âœ… 4-Layer Japanese Style Natural Latex Mattress,"ğŸ”—Product Link in Bio
Product Number: # 2300
Product Name: 4-Layer Japanese Style Natural Latex Mattress
â“How to buy
1ï¸âƒ£ Note the Product Number or Name
2ï¸âƒ£ Visit Our Bio Link - You can easily do this by clicking on our account name.
3ï¸âƒ£ Simply look for the product using the number or name you noted earlier.
ğŸ’¡ Why the Change? YouTube has stopped allowing link sharing on Shorts, so weâ€™ve created this handy solution to make your life easier. Now you can find everything youâ€™re interested in, all in one place!

Product Link: https://mavigadget.com/products/4-layer-japanese-style-natural-latex-mattress/?ref=mbuy



ğŸ’ Find more -    @MaviGadgets    
                                                                 â 
ğŸ“± Download our mobile app - https://mavigadget.app

ğŸ”— Visit https://mavigadget.com/ to discover unique and amazing productsâ                                    
ğŸ¯ Sell your products on Mavigadget - Visit our website for more info!â                                      
ğŸ’° Become an affiliate and make money! - Visit our website for more info!",2025-05-15T09:05:49Z,UCJfNJmcv6LXCDsaa2kB_-7A,MaviGadget,24,"['gadget', 'tech', 'useful']",PT27S,hd,false,137643319,3122666,0,11578
EqQz2rHKHxE,Monster drinks boba tea ğŸ§‹ğŸ˜‚ #shorts,,2025-05-13T10:52:00Z,UCVtD5iA4rUuOK5cQrB_o4ow,Yoeslan,24,"['#shorts', '#monster']",PT47S,hd,false,136127208,2231846,0,2055
NA8PIbyW5Eg,Dance Teacher ğŸ’ƒğŸ¤£ | Sneha Choudhary | #shortvideo #comedy #trending #explore #kids,,2025-05-19T08:09:37Z,UChzl8kr_veB-Ytb2zPMJtew,Sneha Choudhary,22,[],PT1M,hd,false,10732490,168695,0,97
pAUsriwgfv4,Student V/s sigma cat ğŸ˜¼ || aryanchandravanshi || #shorts #trending #youtubeshorts #funny #comedy,,2025-05-19T10:59:41Z,UCT9b2ZyWwXSpn2H1sglep_w,AryanChandravanshi,22,[],PT43S,hd,false,14665965,214141,0,204
MNsFPF9FzDE,NO ES BUENO ABUSAR DE LOS DEMAS,,2025-05-19T13:45:05Z,UCizBBt3xOHkXPKvnaEEUKAA,Santi ,10,[],PT33S,hd,false,62252841,813589,0,1113
r7seXsNokFg,Don't Kick The Fake Ball!,,2025-05-19T09:01:13Z,UCyagEfIN1okQ-s996XAqCFQ,Zhong,24,"['Zhong', 'zhong', 'zong']",PT45S,hd,true,72976197,2851944,0,1948
SjU5xsIITQ0,ç‹å­ä»–ä»¬æ€ä¹ˆç©¿ä¸Šå©šçº±äº† #è‰¾è #cosplay#shorts,"æ¬¢è¿åŠ å…¥ã€è½é­„çš„ç‹å­ã€‘é¢‘é“~

åœ¨è¿™é‡Œï¼Œæˆ‘ä»¬å°†ç”¨å¿ƒåˆ›ä½œæ¯ä¸€ä¸ªè§†é¢‘ï¼Œé€šè¿‡ç²¾å¿ƒè®¾è®¡çš„è§’è‰²æ‰®æ¼”ï¼Œç»“åˆåŸåˆ›çš„åŠ¨æ¼«é£æ ¼å‰§æƒ…ã€‚

æˆ‘ä»¬çš„é¢‘é“ä¸ä»…ä»…æ˜¯å…³äºè§’è‰²æ‰®æ¼”ï¼Œæ›´æ˜¯ä¸€ä¸ªäºŒæ¬¡å…ƒä¸åŠ¨æ¼«çˆ±å¥½è€…çš„èšé›†åœ°ã€‚å¦‚æœä½ å¯¹äºŒæ¬¡å…ƒæ–‡åŒ–ã€æˆ–è€…åŠ¨æ¼«ä¸–ç•Œæœ‰ç€æµ“åšçš„å…´è¶£ï¼Œé‚£ä¹ˆä½ ä¸€å®šä¸èƒ½é”™è¿‡æˆ‘ä»¬çš„é¢‘é“ã€‚å¦‚æœä½ å–œæ¬¢æˆ‘ä»¬çš„è§†é¢‘ï¼Œè¯·ä¸è¦å¿˜è®°è®¢é˜…é¢‘é“å¹¶ç‚¹å‡»å°é“ƒé“›å›¾æ ‡ã€‚

è¯·æ”¾å¿ƒï¼Œæˆ‘ä»¬ä¸¥æ ¼éµå®ˆå¹³å°è§„åˆ™ï¼Œæ‰€æœ‰è§†é¢‘å†…å®¹éƒ½æ˜¯åŸåˆ›çš„ï¼Œä¸¥æ ¼ä¿æŠ¤ç‰ˆæƒï¼Œä¾µæƒå¿…ç©¶ï¼",2025-05-22T11:15:03Z,UCotq9MFP4JB4d4b3tUY9QaQ,è½é­„çš„ç‹å­,22,['#è‰¾'],PT14S,hd,false,42663181,671415,0,1362
uz2EANfEhkM,ğŸ˜³LipstickğŸ‘„cheating in school lifeğŸ˜­ğŸ˜­||#trending #comedy #shorts #youtubeshorts,,2025-05-21T11:27:54Z,UCXybSMD7tfqD2scUCg8MydA,Vishvi Official,22,[],PT50S,hd,false,15695208,248975,0,91
lkOOUjPEXjs,Painting Crazy Card for Family ğŸ˜± ğŸ§‘â€ğŸ§‘â€ğŸ§’â€ğŸ§’ #shorts,,2025-05-21T07:34:47Z,UCt85BA_hmXl2hz6fbYCKMKQ,Paintellectual PriyA,26,"['paintellectualpriya', 'paintellectual priya', 'diy videos', 'diy craft', 'easy craft', 'how to make greeting card', 'diy card ideas', 'gift for best friend', 'diy gift for best friend', 'diy gift for friendship day', 'card for best friend', 'easy greeting card idea', 'greeting card idea', 'cute card ideas for best friend', 'Cute card for sibling', 'handmade gift for sister', 'greeting card for sister', 'greeting card for brother', 'card for mom dad']",PT30S,hd,false,14607878,323773,0,483
VcNvB_K8diI,à¤•à¤¼à¤¬à¥à¤° à¤•à¤¾ à¤…à¤œà¤¼à¤¾à¤¬ğŸ˜± #emotional #inspiration #motivational #islamic,,2025-05-20T15:40:46Z,UCN4NflpHqLeHQZ91kTUVCBw,Ishaan Ali 11,22,[],PT2M59S,hd,false,11349975,516595,0,1089
obmuegkQiKY,Realistic silicone face mask,,2025-05-16T09:55:00Z,UCPhHBEtG6dVZ5fJKoNArcJw,ìŠ¹ë¹„ë‹ˆ Seungbini,22,[],PT45S,hd,false,117243450,1887288,0,3599
S3i9By7--lU,Beautiful Lantern making from waste paper,,2025-05-16T11:44:25Z,UCuoHqig-xUFY4y3iYuxRh9A,Hetal DIY Queen,22,[],PT40S,hd,false,42682936,797293,0,810
